date,added,deleted,commits
2025-01-02,4429,3233,15
2025-01-03,64,120,2
2025-01-05,2056,1461,1
2025-01-06,2231,975,9
2025-01-07,167,1118,4
2025-01-08,18153,6073,9
2025-01-09,730,594,12
2025-01-10,232,40,1
2025-01-12,93,19,1
2025-01-13,364,115,4
2025-01-14,4,1,2
2025-01-15,170,95,7
2025-01-16,2479,1648,12
2025-01-17,2223,221,8
2025-01-18,32,1,1
2025-01-21,207,28,1
2025-01-22,736,280,11
2025-01-24,337,223593,6
2025-01-27,34,9,3
2025-01-28,657,176,2
2025-01-29,87,14,1
2025-01-30,281,182,8
2025-01-31,1138,97,3
2025-02-01,1,5,1
2025-02-03,105,4,4
2025-02-04,1644,751,5
2025-02-05,68,172,2
2025-02-06,181,52,2
2025-02-07,141,108,8
2025-02-08,8,2,1
2025-02-09,1,5,2
2025-02-10,3,1,2
2025-02-11,431,469,5
2025-02-12,222,180,4
2025-02-13,791,102,6
2025-02-14,13,12,1
2025-02-16,4856,1994,6
2025-02-18,2185,1752,8
2025-02-19,101,11,1
2025-02-20,307,109,4
2025-02-21,336,81,3
2025-02-24,82,379,3
2025-02-25,3062,1106,8
2025-02-27,696,148,5
2025-02-28,112,104,6
2025-03-01,1,0,1
2025-03-03,793,94,5
2025-03-04,2344,3210,3
2025-03-05,179,57,4
2025-03-06,463,231,4
2025-03-07,541,306,3
2025-03-10,34,21,4
2025-03-11,204,149,3
2025-03-12,5936,866,14
2025-03-13,2494,888,19
2025-03-14,2114,556,9
2025-03-15,2,3,1
2025-03-17,1691,406,12
2025-03-18,2870,562,7
2025-03-19,263,108,14
2025-03-20,1057,372,12
2025-03-21,187,971,9
2025-03-22,71,17,1
2025-03-23,13072,395,5
2025-03-24,1611,594,12
2025-03-25,189,57,7
2025-03-26,441,1663,11
2025-03-27,78,9,1
2025-03-28,265,65,9
2025-03-31,536,151,4
2025-04-01,568,787,9
2025-04-02,127,26,4
2025-04-03,467,68,3
2025-04-04,301,48,1
2025-04-05,71,1,1
2025-04-07,127,12,3
2025-04-08,847,48,2
2025-04-09,497,260,7
2025-04-10,57,123,2
2025-04-11,45,53,3
2025-04-14,1677,34,3
2025-04-15,527,628,6
2025-04-16,177,107,9
2025-04-17,64,30,4
2025-04-21,27,31,5
2025-04-22,5933,183,5
2025-04-23,1211,187,10
2025-04-24,565,166,8
2025-04-25,1212,166,5
2025-04-26,100,3,1
2025-04-28,1,0,1
2025-04-29,1120,663,5
2025-04-30,4694,2808,10
2025-05-01,1222,929,6
2025-05-02,3743,340,12
2025-05-03,1137,42,5
2025-05-04,13,7,1
2025-05-05,386,118,7
2025-05-06,1701,283,5
2025-05-07,1274,433,7
2025-05-08,1981,1926,9
2025-05-09,560,285,2
2025-05-12,33,2,2
2025-05-13,1311,117,8
2025-05-14,37,51,3
2025-05-15,961,150,6
2025-05-16,16,1,1
2025-05-17,288,116,2
2025-05-19,962,54,3
2025-05-20,1169,131,7
2025-05-21,1142,307,5
2025-05-22,1225,253,7
2025-05-23,54,9,5
2025-05-27,109,26,3
2025-05-28,47,4,2
2025-05-29,398,30,1
2025-05-30,12,86,2
2025-06-02,335,3,3
2025-06-03,2054,480,12
2025-06-04,733,92,1
2025-06-05,776,30,5
2025-06-06,1416,1162,12
2025-06-07,1463,348,5
2025-06-08,21,31,1
2025-06-09,672,114,7
2025-06-10,670,252,1
2025-06-11,1121,460,5
2025-06-13,298,73,4
2025-06-16,249,231,3
2025-06-17,183,11,1
2025-06-18,13579,1659,21
2025-06-19,9,5,2
2025-06-20,190,123,5
2025-06-21,4,4,1
2025-06-22,388,93,4
2025-06-23,839,380,5
2025-06-24,2257,344,4
2025-06-25,828,1181,10
2025-06-26,2,2,1
2025-06-27,775,461,5
2025-06-29,477,162,2
2025-06-30,45,9,5
2025-07-01,66,1064,2
2025-07-02,1027,212,9
2025-07-04,587,620,6
2025-07-05,296,45,1
2025-07-06,209,12,3
2025-07-07,888,770,8
2025-07-08,1738,1506,9
2025-07-09,786,145,11
2025-07-10,1091,319,4
2025-07-15,177,169,4
2025-07-16,609,317,4
2025-07-17,246,272,1
2025-07-19,375,120,1
2025-07-21,985,632,6
2025-07-22,158,167,1
2025-07-23,536,122,3
2025-07-24,5636,2292,16
2025-07-25,1220,377,11
2025-07-28,1792,445,12
2025-07-29,2257,1284,15
2025-07-30,1096,52,5
2025-07-31,144,96,2
2025-08-01,1470,766,5
2025-08-02,88,37,2
2025-08-04,1270,391,10
2025-08-05,80,0,1
2025-08-06,2869,103,7
2025-08-07,716,184,4
2025-08-09,59,59,1
2025-08-10,1001,171,1
2025-08-11,899,172,15
2025-08-12,744,261,7
2025-08-13,212,23,5
2025-08-14,225,7,1
2025-08-15,1155,4277,10
2025-08-16,219,110,3
2025-08-17,45,8,1
2025-08-18,521,47,6
2025-08-19,284,73,1
2025-08-20,850,135,7
2025-08-21,3994,2052,10
2025-08-22,14404,443,9
2025-08-25,426,173,6
2025-08-26,921,271,6
2025-08-27,2022,178,8
2025-08-28,746,76,4
2025-08-29,70,44,3
2025-09-01,125,17,3
2025-09-02,187,135,3
2025-09-03,1867,395,7
2025-09-04,130,33,4
2025-09-05,196,67,1
2025-09-06,2746,986,7
2025-09-08,349,226,6
2025-09-09,3461,603,10
2025-09-10,933,52,6
2025-09-11,803,644,7
2025-09-12,838,426,7
2025-09-13,72,11,2
2025-09-15,913,346,8
2025-09-16,190,28,5
2025-09-17,446,431,7
2025-09-18,993,745,7
2025-09-19,147,3,4
2025-09-20,315,112,4
2025-09-22,225,44,4
2025-09-23,255,87,5
2025-09-24,889,275,8
2025-09-25,813,144,5
2025-09-26,364,165,8
2025-09-28,643,215,8
2025-09-29,483,222,8
2025-09-30,851,335,12
2025-10-01,516,380,14
2025-10-02,2600,2261,20
2025-10-03,516,485,13
2025-10-05,19,30,3
2025-10-06,465,106,3
2025-10-07,679,415,8
2025-10-08,184,138,4
2025-10-09,31,13,2
2025-10-10,75,16,3
2025-10-12,184,3,1
2025-10-13,968,321,10
2025-10-14,596,447,6
2025-10-15,674,285,10
2025-10-16,734,354,13
2025-10-17,1538,452,9
2025-10-18,64,16,1
2025-10-19,514,125,7
2025-10-20,397,224,8
2025-10-21,173,129,3
2025-10-22,27,12,4
2025-10-23,1823,105,5
2025-10-27,2179,1100,7
2025-10-28,88,8,3
2025-10-29,326,28,3
2025-10-30,38,14,1
2025-10-31,410,158,3
2025-11-01,363,40,1
2025-11-03,326,65,2
2025-11-04,726,103,5
2025-11-05,350,4213,4
2025-11-06,112,18,4
2025-11-07,320,305,4
2025-11-08,958,101,1
2025-11-09,20,42,2
2025-11-10,1978,774,10
2025-11-11,468,48,5
2025-11-12,474,10,2
2025-11-13,397,105,4
2025-11-14,734,81,5
2025-11-17,722,149,6
2025-11-18,1043,223,4
2025-11-19,81,2,1
2025-11-20,2666,353,7
2025-11-21,113,3,1
2025-11-24,803,110,6
2025-11-25,948,402,4
2025-11-26,47,38,1
2025-11-27,1,1,1
2025-11-29,7,0,1
2025-12-01,510,9,2
2025-12-02,29,20,1
2025-12-03,730,278,2
2025-12-04,17,2,2
2025-12-05,3207,190,5
2025-12-06,0,1922,1
2025-12-07,23,38,2
2025-12-08,1366,395,3
2025-12-09,3,0,1
2025-12-10,670,134,5
2025-12-11,2255,2687,7
2025-12-12,20,20,1
2025-12-15,485,54,3
2025-12-17,108,7,3
2025-12-18,24,66,1
2026-01-06,77,7,3
2026-01-10,78,1,1
2026-01-13,996,323,3
2026-01-14,395,55,2
2026-01-15,1055,298,9
2026-01-16,362,85,5
2026-01-17,315,384,2
2026-01-18,81,0,2
2026-01-19,933,101,7
2026-01-21,645,62,5
2026-01-22,3,23,1
2026-01-23,11419,2413,10
2026-01-26,977,377,5
2026-01-27,874,2055,1
2026-01-28,1695,160,7
2026-01-29,7,2,1
2026-01-30,250,41,1
2026-02-02,4007,388,5
2026-02-03,1938,602,9
2026-02-04,1842,342,9
2026-02-05,345,52,4
2026-02-06,213,612,4
2026-02-08,3,3,1
2026-02-09,868,53,7
2026-02-10,333,166,4
2026-02-11,308,142,5
2026-02-12,28,60,2
2026-02-13,272,1,2
2026-02-16,77,19,1
2026-02-17,196,24,2
2026-02-18,40,0,2
2026-02-19,450,43,3
2026-02-20,243,15260,2
2026-02-23,3088,2033,15
2026-02-24,417,39,3
2026-02-25,7,9,1
2026-02-26,190,132,4
2026-02-27,19,53,2
2026-03-03,721,456,5
2026-03-04,1594,458,6
2026-03-05,18,9,1
2026-03-10,111,2,1
2026-03-11,89,15,1
2026-03-12,262,33,8
2026-03-17,91,4,2
2026-03-18,109,53,1
2026-03-19,425,27,2
2026-03-20,518,490,1
2026-03-23,499,30,1
2026-03-24,70,2,1
2026-03-25,129,37,2
2026-03-27,96,9,3
2026-03-28,272,23,3
2026-03-30,184,45,1
2026-03-31,4,4,2
2026-04-02,4126,0,1
2026-04-08,95,11,4
2026-04-09,38,3,1
2026-04-13,119,5,1
2026-04-14,781,658,2
2026-04-15,2,1,1
2026-04-16,169,4714,6
2026-04-17,401,24,7
2026-04-20,46,1,2
2026-04-21,11,0,1
2026-04-22,165,1,1
2026-04-23,136,148,1
2026-04-27,1733,23,1
2026-04-29,203,8,1
2026-05-02,31,2,2
2026-05-06,214,42,1
2026-05-07,157,22,1
2026-05-13,105,16,1
2026-05-14,904,105,2
